"https://xn--80aq1a.xn--p1aee.xn--p1ai/overhaul/overhaul/contractor?inn=007714941510&name=АО%20""Мослифт""","АО ""Мослифт""",007714941510,3
"https://xn--80aq1a.xn--p1aee.xn--p1ai/overhaul/overhaul/contractor?inn=006164102073&name=АО%20""СЛМ-ЮГ""","АО ""СЛМ-ЮГ""",006164102073,1
"https://xn--80aq1a.xn--p1aee.xn--p1ai/overhaul/overhaul/contractor?inn=005051000880&name=АО%20""Щербинский%20Лифтостроительный%20Завод""","АО ""Щербинский Лифтостроительный Завод""",005051000880,140
https://xn--80aq1a.xn--p1aee.xn--p1ai/overhaul/overhaul/contractor?inn=002609014934&name=ГУП%20СК%20ЖКХ%20Кировского%20р-а,ГУП СК ЖКХ Кировского р-а,002609014934,1
"https://xn--80aq1a.xn--p1aee.xn--p1ai/overhaul/overhaul/contractor?inn=007729416970&name=ЗАО%20""РГПЭ""","ЗАО ""РГПЭ""",007729416970,1
https://xn--80aq1a.xn--p1aee.xn--p1ai/overhaul/overhaul/contractor?inn=261810587657&name=ИП%20Алексанов%20А.Ш.,ИП Алексанов А.Ш.,261810587657,7
https://xn--80aq1a.xn--p1aee.xn--p1ai/overhaul/overhaul/contractor?inn=262603275700&name=ИП%20Белогубов,ИП Белогубов,262603275700,3
https://xn--80aq1a.xn--p1aee.xn--p1ai/overhaul/overhaul/contractor?inn=262516052779&name=ИП%20Васильев,ИП Васильев,262516052779,1
https://xn--80aq1a.xn--p1aee.xn--p1ai/overhaul/overhaul/contractor?inn=010300243466&name=ИП%20Величко,ИП Величко,010300243466,2
https://xn--80aq1a.xn--p1aee.xn--p1ai/overhaul/overhaul/contractor?inn=260903166804&name=ИП%20Димерцев,ИП Димерцев,260903166804,1
https://xn--80aq1a.xn--p1aee.xn--p1ai/overhaul/overhaul/contractor?inn=262701737456&name=ИП%20Зинченко%20Д.А.,ИП Зинченко Д.А.,262701737456,9
https://xn--80aq1a.xn--p1aee.xn--p1ai/overhaul/overhaul/contractor?inn=263210553018&name=ИП%20Камышанов%20С.А.,ИП Камышанов С.А.,263210553018,1
https://xn--80aq1a.xn--p1aee.xn--p1ai/overhaul/overhaul/contractor?inn=002607016220&name=ИП%20Левченко%20Диана%20Владимировна,ИП Левченко Диана Владимировна,002607016220,83
https://xn--80aq1a.xn--p1aee.xn--p1ai/overhaul/overhaul/contractor?inn=260504987943&name=ИП%20Левченко%20Диана%20Владимировна,ИП Левченко Диана Владимировна,260504987943,35
https://xn--80aq1a.xn--p1aee.xn--p1ai/overhaul/overhaul/contractor?inn=263513135478&name=ИП%20Пазов%20В.Р.,ИП Пазов В.Р.,263513135478,0
https://xn--80aq1a.xn--p1aee.xn--p1ai/overhaul/overhaul/contractor?inn=260902042718&name=ИП%20Попков,ИП Попков,260902042718,1
https://xn--80aq1a.xn--p1aee.xn--p1ai/overhaul/overhaul/contractor?inn=262605252829&name=ИП%20Стороженко%20С.А.,ИП Стороженко С.А.,262605252829,6
https://xn--80aq1a.xn--p1aee.xn--p1ai/overhaul/overhaul/contractor?inn=002634028786&name=ИП%20Шульц%20Ю.С.,ИП Шульц Ю.С.,002634028786,2
"https://xn--80aq1a.xn--p1aee.xn--p1ai/overhaul/overhaul/contractor?inn=002603007017&name=ОАО%20Межхозяйственная%20передвижная%20механизированная%20колонна%20""Курсавская""","ОАО Межхозяйственная передвижная механизированная колонна ""Курсавская""",002603007017,1
"https://xn--80aq1a.xn--p1aee.xn--p1ai/overhaul/overhaul/contractor?inn=000909000858&name=Оао%20""Строительная%20фирма%20""Мизам""","Оао ""Строительная фирма ""Мизам""",000909000858,4
"https://xn--80aq1a.xn--p1aee.xn--p1ai/overhaul/overhaul/contractor?inn=007733615696&name=ОАО%20""Щербинский%20лифтостроительный%20завод""","ОАО ""Щербинский лифтостроительный завод""",007733615696,13
https://xn--80aq1a.xn--p1aee.xn--p1ai/overhaul/overhaul/contractor?inn=002312300620&name=ООО%202РЛС2,ООО 2РЛС2,002312300620,2
"https://xn--80aq1a.xn--p1aee.xn--p1ai/overhaul/overhaul/contractor?inn=002632077837&name=ООО%20""Австостройсервис""","ООО ""Австостройсервис""",002632077837,3
"https://xn--80aq1a.xn--p1aee.xn--p1ai/overhaul/overhaul/contractor?inn=002635800724&name=ООО%20""Акраим""","ООО ""Акраим""",002635800724,1
"https://xn--80aq1a.xn--p1aee.xn--p1ai/overhaul/overhaul/contractor?inn=002365833432&name=ООО%20""АЛЕКСАНДРИТ-ЛИФТ""","ООО ""АЛЕКСАНДРИТ-ЛИФТ""",002365833432,4
"https://xn--80aq1a.xn--p1aee.xn--p1ai/overhaul/overhaul/contractor?inn=002635118457&name=ООО%20""Александровский%20дом""","ООО ""Александровский дом""",002635118457,1
"https://xn--80aq1a.xn--p1aee.xn--p1ai/overhaul/overhaul/contractor?inn=002635832968&name=ООО%20""АльтаСтрой""","ООО ""АльтаСтрой""",002635832968,7
https://xn--80aq1a.xn--p1aee.xn--p1ai/overhaul/overhaul/contractor?inn=002635106412&name=ООО%20«Амальгама%20СК»,ООО «Амальгама СК»,002635106412,50
"https://xn--80aq1a.xn--p1aee.xn--p1ai/overhaul/overhaul/contractor?inn=002635800726&name=ООО%20""АРКАИМ""","ООО ""АРКАИМ""",002635800726,90
"https://xn--80aq1a.xn--p1aee.xn--p1ai/overhaul/overhaul/contractor?inn=002636804064&name=ООО%20""АртАзимут""","ООО ""АртАзимут""",002636804064,4
"https://xn--80aq1a.xn--p1aee.xn--p1ai/overhaul/overhaul/contractor?inn=000917026793&name=ООО%20""А-строй""","ООО ""А-строй""",000917026793,3
"https://xn--80aq1a.xn--p1aee.xn--p1ai/overhaul/overhaul/contractor?inn=002636810082&name=ООО%20""А%20Строй""","ООО ""А Строй""",002636810082,1
"https://xn--80aq1a.xn--p1aee.xn--p1ai/overhaul/overhaul/contractor?inn=002635085346&name=ООО%20""Атриум""","ООО ""Атриум""",002635085346,88
"https://xn--80aq1a.xn--p1aee.xn--p1ai/overhaul/overhaul/contractor?inn=000055003492&name=ООО%20""Бетон""","ООО ""Бетон""",000055003492,2
"https://xn--80aq1a.xn--p1aee.xn--p1ai/overhaul/overhaul/contractor?inn=000550003492&name=ООО%20""Бетон""","ООО ""Бетон""",000550003492,13
"https://xn--80aq1a.xn--p1aee.xn--p1ai/overhaul/overhaul/contractor?inn=005550003492&name=ООО%20""БЕТОН""","ООО ""БЕТОН""",005550003492,78
"https://xn--80aq1a.xn--p1aee.xn--p1ai/overhaul/overhaul/contractor?inn=007805208678&name=ООО%20""БЕТОН""","ООО ""БЕТОН""",007805208678,1
"https://xn--80aq1a.xn--p1aee.xn--p1ai/overhaul/overhaul/contractor?inn=002631011054&name=ООО%20""БЛЕСК""","ООО ""БЛЕСК""",002631011054,131
"https://xn--80aq1a.xn--p1aee.xn--p1ai/overhaul/overhaul/contractor?inn=002629800911&name=ООО%20""ВентТехСервис""","ООО ""ВентТехСервис""",002629800911,7
"https://xn--80aq1a.xn--p1aee.xn--p1ai/overhaul/overhaul/contractor?inn=002635814895&name=ООО%20""ВЕРТИКАЛЬ-СК""","ООО ""ВЕРТИКАЛЬ-СК""",002635814895,27
"https://xn--80aq1a.xn--p1aee.xn--p1ai/overhaul/overhaul/contractor?inn=002635212964&name=ООО%20""ГарантСтройСервис-СК""","ООО ""ГарантСтройСервис-СК""",002635212964,9
"https://xn--80aq1a.xn--p1aee.xn--p1ai/overhaul/overhaul/contractor?inn=002635217024&name=ООО%20""ГИДРОПОЛИМЕР-ЮГ""","ООО ""ГИДРОПОЛИМЕР-ЮГ""",002635217024,3
"https://xn--80aq1a.xn--p1aee.xn--p1ai/overhaul/overhaul/contractor?inn=002636044649&name=ООО%20""Голиаф""","ООО ""Голиаф""",002636044649,3
"https://xn--80aq1a.xn--p1aee.xn--p1ai/overhaul/overhaul/contractor?inn=002606008795&name=ООО%20""ДВМ""","ООО ""ДВМ""",002606008795,9
"https://xn--80aq1a.xn--p1aee.xn--p1ai/overhaul/overhaul/contractor?inn=002635129152&name=ООО%20""ДЕЛЬТА-СТ""","ООО ""ДЕЛЬТА-СТ""",002635129152,3
"https://xn--80aq1a.xn--p1aee.xn--p1ai/overhaul/overhaul/contractor?inn=002635816892&name=ООО%20Евротехнострой-2012""","ООО Евротехнострой-2012""",002635816892,8
"https://xn--80aq1a.xn--p1aee.xn--p1ai/overhaul/overhaul/contractor?inn=007202162582&name=ООО%20""ИЛТ""","ООО ""ИЛТ""",007202162582,21
"https://xn--80aq1a.xn--p1aee.xn--p1ai/overhaul/overhaul/contractor?inn=007002162582&name=ООО%20""Импорт-Лифт""","ООО ""Импорт-Лифт""",007002162582,6
"https://xn--80aq1a.xn--p1aee.xn--p1ai/overhaul/overhaul/contractor?inn=008602240477&name=ООО%20""Импорт-Лифт""","ООО ""Импорт-Лифт""",008602240477,14
"https://xn--80aq1a.xn--p1aee.xn--p1ai/overhaul/overhaul/contractor?inn=008901021441&name=ООО%20""Импорт-Лифт""","ООО ""Импорт-Лифт""",008901021441,60
"https://xn--80aq1a.xn--p1aee.xn--p1ai/overhaul/overhaul/contractor?inn=006731065950&name=ООО%20""Импорт-Лифт%20Сервис""","ООО ""Импорт-Лифт Сервис""",006731065950,3
"https://xn--80aq1a.xn--p1aee.xn--p1ai/overhaul/overhaul/contractor?inn=002632067388&name=ООО%20""Инженерный%20центр""","ООО ""Инженерный центр""",002632067388,5
"https://xn--80aq1a.xn--p1aee.xn--p1ai/overhaul/overhaul/contractor?inn=002619000176&name=ООО%20""ИСТОК""","ООО ""ИСТОК""",002619000176,1
"https://xn--80aq1a.xn--p1aee.xn--p1ai/overhaul/overhaul/contractor?inn=002635814630&name=ООО%20""ИЮЛЬ-СК""","ООО ""ИЮЛЬ-СК""",002635814630,9
"https://xn--80aq1a.xn--p1aee.xn--p1ai/overhaul/overhaul/contractor?inn=002627014052&name=ООО%20""КАВУР""","ООО ""КАВУР""",002627014052,6
"https://xn--80aq1a.xn--p1aee.xn--p1ai/overhaul/overhaul/contractor?inn=002636805999&name=ООО%20""Капитал""","ООО ""Капитал""",002636805999,31
"https://xn--80aq1a.xn--p1aee.xn--p1ai/overhaul/overhaul/contractor?inn=005032277830&name=ООО%20""КомплексСтрой""","ООО ""КомплексСтрой""",005032277830,2
"https://xn--80aq1a.xn--p1aee.xn--p1ai/overhaul/overhaul/contractor?inn=000105080660&name=ООО%20""Константа%20СтройПроект""","ООО ""Константа СтройПроект""",000105080660,7
"https://xn--80aq1a.xn--p1aee.xn--p1ai/overhaul/overhaul/contractor?inn=000916008093&name=ООО%20""Консул-М""","ООО ""Консул-М""",000916008093,6
"https://xn--80aq1a.xn--p1aee.xn--p1ai/overhaul/overhaul/contractor?inn=002635077835&name=ООО%20""КрайСтрой""","ООО ""КрайСтрой""",002635077835,85
"https://xn--80aq1a.xn--p1aee.xn--p1ai/overhaul/overhaul/contractor?inn=002635095136&name=ООО%20""КрайСтрой""","ООО ""КрайСтрой""",002635095136,105
"https://xn--80aq1a.xn--p1aee.xn--p1ai/overhaul/overhaul/contractor?inn=006167096967&name=ООО%20""КрайСтрой""","ООО ""КрайСтрой""",006167096967,56
"https://xn--80aq1a.xn--p1aee.xn--p1ai/overhaul/overhaul/contractor?inn=000511403507&name=ООО%20""Мегаполис""","ООО ""Мегаполис""",000511403507,3
"https://xn--80aq1a.xn--p1aee.xn--p1ai/overhaul/overhaul/contractor?inn=000561054668&name=ООО%20""Мегастрой""","ООО ""Мегастрой""",000561054668,16
"https://xn--80aq1a.xn--p1aee.xn--p1ai/overhaul/overhaul/contractor?inn=002635801960&name=ООО%20""МЕГАСТРОЙ%20СК""","ООО ""МЕГАСТРОЙ СК""",002635801960,10
"https://xn--80aq1a.xn--p1aee.xn--p1ai/overhaul/overhaul/contractor?inn=002634104282&name=ООО%20""Меркаб""","ООО ""Меркаб""",002634104282,17
https://xn--80aq1a.xn--p1aee.xn--p1ai/overhaul/overhaul/contractor?inn=002630045519&name=ООО%20МинВодыЛифт,ООО МинВодыЛифт,002630045519,1
"https://xn--80aq1a.xn--p1aee.xn--p1ai/overhaul/overhaul/contractor?inn=002634076300&name=ООО%20""Мираж-Плюс""","ООО ""Мираж-Плюс""",002634076300,37
"https://xn--80aq1a.xn--p1aee.xn--p1ai/overhaul/overhaul/contractor?inn=002636218366&name=ООО%20""МКВ-Групп""","ООО ""МКВ-Групп""",002636218366,0
"https://xn--80aq1a.xn--p1aee.xn--p1ai/overhaul/overhaul/contractor?inn=002634094919&name=ООО%20""Монолит""","ООО ""Монолит""",002634094919,9
"https://xn--80aq1a.xn--p1aee.xn--p1ai/overhaul/overhaul/contractor?inn=002635234051&name=ООО%20""Монолит%20СК""","ООО ""Монолит СК""",002635234051,6
"https://xn--80aq1a.xn--p1aee.xn--p1ai/overhaul/overhaul/contractor?inn=002635264051&name=ООО%20""Монолит%20СК""","ООО ""Монолит СК""",002635264051,1
"https://xn--80aq1a.xn--p1aee.xn--p1ai/overhaul/overhaul/contractor?inn=002634061670&name=ООО%20""Монтажэлектроспецстрой""","ООО ""Монтажэлектроспецстрой""",002634061670,15
"https://xn--80aq1a.xn--p1aee.xn--p1ai/overhaul/overhaul/contractor?inn=006166051748&name=ООО%20""Монтажэлектроспецстрой""","ООО ""Монтажэлектроспецстрой""",006166051748,7
"https://xn--80aq1a.xn--p1aee.xn--p1ai/overhaul/overhaul/contractor?inn=002603000477&name=ООО%20МПМК%20""Курсавская""","ООО МПМК ""Курсавская""",002603000477,3
"https://xn--80aq1a.xn--p1aee.xn--p1ai/overhaul/overhaul/contractor?inn=002618022730&name=ООО%20""Надежда""","ООО ""Надежда""",002618022730,1
"https://xn--80aq1a.xn--p1aee.xn--p1ai/overhaul/overhaul/contractor?inn=002627014704&name=ООО%20НПП%20""Факт""","ООО НПП ""Факт""",002627014704,1
"https://xn--80aq1a.xn--p1aee.xn--p1ai/overhaul/overhaul/contractor?inn=002634072993&name=ООО%20""НСК""","ООО ""НСК""",002634072993,24
"https://xn--80aq1a.xn--p1aee.xn--p1ai/overhaul/overhaul/contractor?inn=002632113524&name=ООО%20""ОК-Групп""","ООО ""ОК-Групп""",002632113524,0
"https://xn--80aq1a.xn--p1aee.xn--p1ai/overhaul/overhaul/contractor?inn=002627025569&name=ООО%20""Олимп%20Строй""","ООО ""Олимп Строй""",002627025569,6
"https://xn--80aq1a.xn--p1aee.xn--p1ai/overhaul/overhaul/contractor?inn=002634086107&name=ООО%20""Орион+""","ООО ""Орион+""",002634086107,3
"https://xn--80aq1a.xn--p1aee.xn--p1ai/overhaul/overhaul/contractor?inn=002635824999&name=ООО%20""Панорама""","ООО ""Панорама""",002635824999,84
"https://xn--80aq1a.xn--p1aee.xn--p1ai/overhaul/overhaul/contractor?inn=002636809256&name=ООО%20""Панорама""","ООО ""Панорама""",002636809256,27
"https://xn--80aq1a.xn--p1aee.xn--p1ai/overhaul/overhaul/contractor?inn=002635233499&name=ООО%20""ПЕРВАЯ%20ЮЖНАЯ%20ЛИФТОВАЯ%20КОМПАНИЯ""","ООО ""ПЕРВАЯ ЮЖНАЯ ЛИФТОВАЯ КОМПАНИЯ""",002635233499,1
"https://xn--80aq1a.xn--p1aee.xn--p1ai/overhaul/overhaul/contractor?inn=002635069070&name=ООО%20ПК%20""Юг-Снаб""","ООО ПК ""Юг-Снаб""",002635069070,33
"https://xn--80aq1a.xn--p1aee.xn--p1ai/overhaul/overhaul/contractor?inn=002634070185&name=ООО%20""Подъемные%20сооружения""","ООО ""Подъемные сооружения""",002634070185,1
"https://xn--80aq1a.xn--p1aee.xn--p1ai/overhaul/overhaul/contractor?inn=007602135304&name=ООО%20""Поместье""","ООО ""Поместье""",007602135304,15
"https://xn--80aq1a.xn--p1aee.xn--p1ai/overhaul/overhaul/contractor?inn=002635808186&name=ООО%20""Приоритет""","ООО ""Приоритет""",002635808186,34
"https://xn--80aq1a.xn--p1aee.xn--p1ai/overhaul/overhaul/contractor?inn=002635112663&name=ООО%20""ПромАльп""","ООО ""ПромАльп""",002635112663,4
"https://xn--80aq1a.xn--p1aee.xn--p1ai/overhaul/overhaul/contractor?inn=000917030486&name=ООО%20""Промресурс""","ООО ""Промресурс""",000917030486,17
"https://xn--80aq1a.xn--p1aee.xn--p1ai/overhaul/overhaul/contractor?inn=002635007669&name=ООО%20""Промсервис""","ООО ""Промсервис""",002635007669,2
"https://xn--80aq1a.xn--p1aee.xn--p1ai/overhaul/overhaul/contractor?inn=002635825287&name=ООО%20ПСК%20""Аксиома""","ООО ПСК ""Аксиома""",002635825287,27
"https://xn--80aq1a.xn--p1aee.xn--p1ai/overhaul/overhaul/contractor?inn=002635822335&name=ООО%20""Реал""","ООО ""Реал""",002635822335,3
"https://xn--80aq1a.xn--p1aee.xn--p1ai/overhaul/overhaul/contractor?inn=026180115243&name=ООО%20""Региональная%20Производственно-строительная%20компания""","ООО ""Региональная Производственно-строительная компания""",026180115243,13
"https://xn--80aq1a.xn--p1aee.xn--p1ai/overhaul/overhaul/contractor?inn=002635830174&name=ООО%20""РегионИнтерКом""","ООО ""РегионИнтерКом""",002635830174,153
https://xn--80aq1a.xn--p1aee.xn--p1ai/overhaul/overhaul/contractor?inn=000263830174&name=ООО%20«РегионИнтерКом»,ООО «РегионИнтерКом»,000263830174,2
"https://xn--80aq1a.xn--p1aee.xn--p1ai/overhaul/overhaul/contractor?inn=002634070890&name=ООО%20""Регионстрой""","ООО ""Регионстрой""",002634070890,1
https://xn--80aq1a.xn--p1aee.xn--p1ai/overhaul/overhaul/contractor?inn=002607801380&name=ООО%20РемКапСтрой,ООО РемКапСтрой,002607801380,7
"https://xn--80aq1a.xn--p1aee.xn--p1ai/overhaul/overhaul/contractor?inn=002635135131&name=ООО%20""Ремонтно-строительная%20компания""","ООО ""Ремонтно-строительная компания""",002635135131,5
"https://xn--80aq1a.xn--p1aee.xn--p1ai/overhaul/overhaul/contractor?inn=007703298506&name=ООО%20""Ремонтно-строительная%20компания""","ООО ""Ремонтно-строительная компания""",007703298506,1
"https://xn--80aq1a.xn--p1aee.xn--p1ai/overhaul/overhaul/contractor?inn=002635830382&name=ООО%20""РемонтноСтроительное%20Управление-7""","ООО ""РемонтноСтроительное Управление-7""",002635830382,1
"https://xn--80aq1a.xn--p1aee.xn--p1ai/overhaul/overhaul/contractor?inn=002625045432&name=ООО%20""РЕМСТРОЙ""","ООО ""РЕМСТРОЙ""",002625045432,80
"https://xn--80aq1a.xn--p1aee.xn--p1ai/overhaul/overhaul/contractor?inn=002635834933&name=ООО%20""РЕМСТРОЙ""","ООО ""РЕМСТРОЙ""",002635834933,5
"https://xn--80aq1a.xn--p1aee.xn--p1ai/overhaul/overhaul/contractor?inn=002635126232&name=ООО%20""Реставрационный%20центр%20""ремесленник""","ООО ""Реставрационный центр ""ремесленник""",002635126232,2
"https://xn--80aq1a.xn--p1aee.xn--p1ai/overhaul/overhaul/contractor?inn=002636800327&name=ООО%20""РИЛАЙН""","ООО ""РИЛАЙН""",002636800327,1
"https://xn--80aq1a.xn--p1aee.xn--p1ai/overhaul/overhaul/contractor?inn=002635071382&name=ООО%20РМК%20""Деловые%20отношения""","ООО РМК ""Деловые отношения""",002635071382,27
"https://xn--80aq1a.xn--p1aee.xn--p1ai/overhaul/overhaul/contractor?inn=007705330160&name=ООО%20""РОИЛКОМ""","ООО ""РОИЛКОМ""",007705330160,7
"https://xn--80aq1a.xn--p1aee.xn--p1ai/overhaul/overhaul/contractor?inn=002635062758&name=ООО%20""РОСТСТРОЙСЕРВИС""","ООО ""РОСТСТРОЙСЕРВИС""",002635062758,16
"https://xn--80aq1a.xn--p1aee.xn--p1ai/overhaul/overhaul/contractor?inn=000263510300&name=ООО%20""РСУ%20ПромСтрой""","ООО ""РСУ ПромСтрой""",000263510300,2
"https://xn--80aq1a.xn--p1aee.xn--p1ai/overhaul/overhaul/contractor?inn=002635210300&name=ООО%20""РСУ%20ПромСтрой""","ООО ""РСУ ПромСтрой""",002635210300,27
https://xn--80aq1a.xn--p1aee.xn--p1ai/overhaul/overhaul/contractor?inn=002635118954&name=ООО%20Рук-7,ООО Рук-7,002635118954,7
"https://xn--80aq1a.xn--p1aee.xn--p1ai/overhaul/overhaul/contractor?inn=005012028793&name=ООО%20""РусЛифт""","ООО ""РусЛифт""",005012028793,8
"https://xn--80aq1a.xn--p1aee.xn--p1ai/overhaul/overhaul/contractor?inn=002635109653&name=ООО%20""РЭСЭНЕРГОСТРОЙ""","ООО ""РЭСЭНЕРГОСТРОЙ""",002635109653,1
"https://xn--80aq1a.xn--p1aee.xn--p1ai/overhaul/overhaul/contractor?inn=002631800651&name=ООО%20Северо-Кавказская%20строительная%20фирма""","ООО Северо-Кавказская строительная фирма""",002631800651,7
"https://xn--80aq1a.xn--p1aee.xn--p1ai/overhaul/overhaul/contractor?inn=002626043413&name=ООО%20""СевКавСтрой""","ООО ""СевКавСтрой""",002626043413,1
"https://xn--80aq1a.xn--p1aee.xn--p1ai/overhaul/overhaul/contractor?inn=008602072624&name=ООО%20""Сервисная%20Лифтовая%20Компания""","ООО ""Сервисная Лифтовая Компания""",008602072624,38
"https://xn--80aq1a.xn--p1aee.xn--p1ai/overhaul/overhaul/contractor?inn=002625070260&name=ООО%20""СК%20Астрой""","ООО ""СК Астрой""",002625070260,18
"https://xn--80aq1a.xn--p1aee.xn--p1ai/overhaul/overhaul/contractor?inn=002625040089&name=ООО%20СК%20""Высокий%20Уровень""","ООО СК ""Высокий Уровень""",002625040089,1
"https://xn--80aq1a.xn--p1aee.xn--p1ai/overhaul/overhaul/contractor?inn=002634091273&name=ООО%20СК%20""ГЕОСТРОЙ""","ООО СК ""ГЕОСТРОЙ""",002634091273,25
"https://xn--80aq1a.xn--p1aee.xn--p1ai/overhaul/overhaul/contractor?inn=000917010095&name=ООО%20СК%20""ГефестСтрой""","ООО СК ""ГефестСтрой""",000917010095,8
"https://xn--80aq1a.xn--p1aee.xn--p1ai/overhaul/overhaul/contractor?inn=002621016871&name=ООО%20СК%20""Грасберг""","ООО СК ""Грасберг""",002621016871,49
"https://xn--80aq1a.xn--p1aee.xn--p1ai/overhaul/overhaul/contractor?inn=002635215404&name=ООО%20СКУ%20""главный%20Архив%20Спецфондов""","ООО СКУ ""главный Архив Спецфондов""",002635215404,62
"https://xn--80aq1a.xn--p1aee.xn--p1ai/overhaul/overhaul/contractor?inn=002618015934&name=ООО%20СКФ%20""ЛЕВ""","ООО СКФ ""ЛЕВ""",002618015934,0
"https://xn--80aq1a.xn--p1aee.xn--p1ai/overhaul/overhaul/contractor?inn=002635807150&name=ООО%20СК%20""Эксперт""","ООО СК ""Эксперт""",002635807150,17
"https://xn--80aq1a.xn--p1aee.xn--p1ai/overhaul/overhaul/contractor?inn=002636046413&name=ООО%20""СМУ-1""","ООО ""СМУ-1""",002636046413,48
"https://xn--80aq1a.xn--p1aee.xn--p1ai/overhaul/overhaul/contractor?inn=002634088400&name=ООО%20""Союз%20экономистов%20СК""","ООО ""Союз экономистов СК""",002634088400,23
"https://xn--80aq1a.xn--p1aee.xn--p1ai/overhaul/overhaul/contractor?inn=002635820539&name=ООО%20""СПЕЦСЕРВИС""","ООО ""СПЕЦСЕРВИС""",002635820539,9
"https://xn--80aq1a.xn--p1aee.xn--p1ai/overhaul/overhaul/contractor?inn=003015056019&name=ООО%20""СРФ%20""ТЕМП-АН""","ООО ""СРФ ""ТЕМП-АН""",003015056019,1
"https://xn--80aq1a.xn--p1aee.xn--p1ai/overhaul/overhaul/contractor?inn=002634089771&name=ООО%20""СтавГеоСтрой""","ООО ""СтавГеоСтрой""",002634089771,31
"https://xn--80aq1a.xn--p1aee.xn--p1ai/overhaul/overhaul/contractor?inn=002634072834&name=ООО%20""СТАВГРАЖДАНСТРОЙ""","ООО ""СТАВГРАЖДАНСТРОЙ""",002634072834,139
"https://xn--80aq1a.xn--p1aee.xn--p1ai/overhaul/overhaul/contractor?inn=002634067552&name=ООО%20""СТАВОПТИМСТРОЙ""","ООО ""СТАВОПТИМСТРОЙ""",002634067552,7
"https://xn--80aq1a.xn--p1aee.xn--p1ai/overhaul/overhaul/contractor?inn=002635038434&name=ООО%20""СтавРемСтрой""","ООО ""СтавРемСтрой""",002635038434,22
"https://xn--80aq1a.xn--p1aee.xn--p1ai/overhaul/overhaul/contractor?inn=002635822455&name=ООО%20""СтавРемСтрой""","ООО ""СтавРемСтрой""",002635822455,1
"https://xn--80aq1a.xn--p1aee.xn--p1ai/overhaul/overhaul/contractor?inn=002635823314&name=ООО%20""Ставрополоьский%20Строительный%20Холдинг""","ООО ""Ставрополоьский Строительный Холдинг""",002635823314,2
"https://xn--80aq1a.xn--p1aee.xn--p1ai/overhaul/overhaul/contractor?inn=002635814550&name=ООО%20""СТАВРОПОЛЬГРАНДСТРОЙ""","ООО ""СТАВРОПОЛЬГРАНДСТРОЙ""",002635814550,5
"https://xn--80aq1a.xn--p1aee.xn--p1ai/overhaul/overhaul/contractor?inn=002635811781&name=ООО%20""СтавропольКрайСтрой""","ООО ""СтавропольКрайСтрой""",002635811781,36
"https://xn--80aq1a.xn--p1aee.xn--p1ai/overhaul/overhaul/contractor?inn=002631041027&name=ООО%20""Ставрос""","ООО ""Ставрос""",002631041027,77
https://xn--80aq1a.xn--p1aee.xn--p1ai/overhaul/overhaul/contractor?inn=002635071216&name=ООО%20Ставсервис,ООО Ставсервис,002635071216,7
"https://xn--80aq1a.xn--p1aee.xn--p1ai/overhaul/overhaul/contractor?inn=002636034802&name=ООО%20""СТАВСТРОЙСЕРВИС""","ООО ""СТАВСТРОЙСЕРВИС""",002636034802,2
"https://xn--80aq1a.xn--p1aee.xn--p1ai/overhaul/overhaul/contractor?inn=002635250575&name=ООО%20""СТВ-Строй""","ООО ""СТВ-Строй""",002635250575,23
"https://xn--80aq1a.xn--p1aee.xn--p1ai/overhaul/overhaul/contractor?inn=002634809099&name=ООО%20""Стилком""","ООО ""Стилком""",002634809099,8
"https://xn--80aq1a.xn--p1aee.xn--p1ai/overhaul/overhaul/contractor?inn=002635074320&name=ООО%20""СТОП%20ВОДЕ""","ООО ""СТОП ВОДЕ""",002635074320,25
"https://xn--80aq1a.xn--p1aee.xn--p1ai/overhaul/overhaul/contractor?inn=002621019871&name=ООО%20Строительная%20Компания%20""Грасберг""","ООО Строительная Компания ""Грасберг""",002621019871,5
"https://xn--80aq1a.xn--p1aee.xn--p1ai/overhaul/overhaul/contractor?inn=002621076871&name=ООО%20Строительная%20Компания%20""Грасберг""","ООО Строительная Компания ""Грасберг""",002621076871,2
"https://xn--80aq1a.xn--p1aee.xn--p1ai/overhaul/overhaul/contractor?inn=002631804575&name=ООО%20""СТРОИТЕЛЬНАЯ%20КОМПАНИЯ%20""ЖИЛСТРОЙ""","ООО ""СТРОИТЕЛЬНАЯ КОМПАНИЯ ""ЖИЛСТРОЙ""",002631804575,4
"https://xn--80aq1a.xn--p1aee.xn--p1ai/overhaul/overhaul/contractor?inn=002636806368&name=ООО%20Строительная%20Компания%20""СпецСтрой-1""","ООО Строительная Компания ""СпецСтрой-1""",002636806368,1
"https://xn--80aq1a.xn--p1aee.xn--p1ai/overhaul/overhaul/contractor?inn=002635237197&name=ООО%20""Строительная%20Компания%20Юга""","ООО ""Строительная Компания Юга""",002635237197,14
"https://xn--80aq1a.xn--p1aee.xn--p1ai/overhaul/overhaul/contractor?inn=002635210131&name=ООО%20""СТРОЙГРАД""","ООО ""СТРОЙГРАД""",002635210131,1
"https://xn--80aq1a.xn--p1aee.xn--p1ai/overhaul/overhaul/contractor?inn=002617013412&name=ООО%20""СтройИмпульс""","ООО ""СтройИмпульс""",002617013412,3
"https://xn--80aq1a.xn--p1aee.xn--p1ai/overhaul/overhaul/contractor?inn=002635814461&name=ООО%20""Стройинвест""","ООО ""Стройинвест""",002635814461,9
"https://xn--80aq1a.xn--p1aee.xn--p1ai/overhaul/overhaul/contractor?inn=002634044952&name=ООО%20""СтройКом""","ООО ""СтройКом""",002634044952,1
"https://xn--80aq1a.xn--p1aee.xn--p1ai/overhaul/overhaul/contractor?inn=002636044952&name=ООО%20""СтройКом""","ООО ""СтройКом""",002636044952,3
"https://xn--80aq1a.xn--p1aee.xn--p1ai/overhaul/overhaul/contractor?inn=002628041980&name=ООО%20""Строймастер""","ООО ""Строймастер""",002628041980,1
"https://xn--80aq1a.xn--p1aee.xn--p1ai/overhaul/overhaul/contractor?inn=002631029118&name=ООО%20""Строймонтаж""","ООО ""Строймонтаж""",002631029118,2
"https://xn--80aq1a.xn--p1aee.xn--p1ai/overhaul/overhaul/contractor?inn=000536009686&name=ООО%20""СтройОригинал""","ООО ""СтройОригинал""",000536009686,1
"https://xn--80aq1a.xn--p1aee.xn--p1ai/overhaul/overhaul/contractor?inn=002636800983&name=ООО%20""Строй-Плюс""","ООО ""Строй-Плюс""",002636800983,62
"https://xn--80aq1a.xn--p1aee.xn--p1ai/overhaul/overhaul/contractor?inn=002610800812&name=ООО%20""Стройподряд""","ООО ""Стройподряд""",002610800812,10
"https://xn--80aq1a.xn--p1aee.xn--p1ai/overhaul/overhaul/contractor?inn=002636807918&name=ООО%20""СТРОЙСЕРВИС""","ООО ""СТРОЙСЕРВИС""",002636807918,13
"https://xn--80aq1a.xn--p1aee.xn--p1ai/overhaul/overhaul/contractor?inn=002635132772&name=ООО%20""Строй%20Сервис""","ООО ""Строй Сервис""",002635132772,53
"https://xn--80aq1a.xn--p1aee.xn--p1ai/overhaul/overhaul/contractor?inn=002636206674&name=ООО%20""СтройТеплоПроект""","ООО ""СтройТеплоПроект""",002636206674,20
"https://xn--80aq1a.xn--p1aee.xn--p1ai/overhaul/overhaul/contractor?inn=002607021534&name=ООО%20""СТРОЙТЕПЛОПРОЕКТ""","ООО ""СТРОЙТЕПЛОПРОЕКТ""",002607021534,41
"https://xn--80aq1a.xn--p1aee.xn--p1ai/overhaul/overhaul/contractor?inn=002634097204&name=ООО%20""СТРОЙТЕПЛОПРОЕКТ""","ООО ""СТРОЙТЕПЛОПРОЕКТ""",002634097204,113
"https://xn--80aq1a.xn--p1aee.xn--p1ai/overhaul/overhaul/contractor?inn=002635098120&name=ООО%20""Строй-Ум""","ООО ""Строй-Ум""",002635098120,32
"https://xn--80aq1a.xn--p1aee.xn--p1ai/overhaul/overhaul/contractor?inn=000263500926&name=ООО%20""Строй%20Центр""","ООО ""Строй Центр""",000263500926,1
"https://xn--80aq1a.xn--p1aee.xn--p1ai/overhaul/overhaul/contractor?inn=002635080926&name=ООО%20""Строй%20Центр""","ООО ""Строй Центр""",002635080926,26
"https://xn--80aq1a.xn--p1aee.xn--p1ai/overhaul/overhaul/contractor?inn=002635080927&name=ООО%20""Строй%20Центр""","ООО ""Строй Центр""",002635080927,5
"https://xn--80aq1a.xn--p1aee.xn--p1ai/overhaul/overhaul/contractor?inn=002635221750&name=ООО%20""СТ-Юг""","ООО ""СТ-Юг""",002635221750,52
"https://xn--80aq1a.xn--p1aee.xn--p1ai/overhaul/overhaul/contractor?inn=002625045665&name=ООО%20""ТАС""","ООО ""ТАС""",002625045665,5
"https://xn--80aq1a.xn--p1aee.xn--p1ai/overhaul/overhaul/contractor?inn=002625029550&name=ООО%20""ТаСС""","ООО ""ТаСС""",002625029550,4
"https://xn--80aq1a.xn--p1aee.xn--p1ai/overhaul/overhaul/contractor?inn=000917021442&name=ООО%20""ТЕМИРЪ""","ООО ""ТЕМИРЪ""",000917021442,9
"https://xn--80aq1a.xn--p1aee.xn--p1ai/overhaul/overhaul/contractor?inn=002636807562&name=ООО%20""ТЕМП""","ООО ""ТЕМП""",002636807562,3
"https://xn--80aq1a.xn--p1aee.xn--p1ai/overhaul/overhaul/contractor?inn=000608019319&name=ООО%20""ТеплокомХарс""","ООО ""ТеплокомХарс""",000608019319,5
"https://xn--80aq1a.xn--p1aee.xn--p1ai/overhaul/overhaul/contractor?inn=002626045379&name=ООО%20""Технотерм""","ООО ""Технотерм""",002626045379,1
"https://xn--80aq1a.xn--p1aee.xn--p1ai/overhaul/overhaul/contractor?inn=002635127733&name=ООО%20""ТехноЦентр""","ООО ""ТехноЦентр""",002635127733,19
"https://xn--80aq1a.xn--p1aee.xn--p1ai/overhaul/overhaul/contractor?inn=003906135997&name=ООО%20""ТЕХСТРОЙ%2005""","ООО ""ТЕХСТРОЙ 05""",003906135997,6
"https://xn--80aq1a.xn--p1aee.xn--p1ai/overhaul/overhaul/contractor?inn=002623033294&name=ООО%20""ТРИС""","ООО ""ТРИС""",002623033294,0
"https://xn--80aq1a.xn--p1aee.xn--p1ai/overhaul/overhaul/contractor?inn=002630022230&name=ООО%20УМС%20""Минераловодское""","ООО УМС ""Минераловодское""",002630022230,8
"https://xn--80aq1a.xn--p1aee.xn--p1ai/overhaul/overhaul/contractor?inn=002635123300&name=ООО%20""УютСтрой""","ООО ""УютСтрой""",002635123300,5
"https://xn--80aq1a.xn--p1aee.xn--p1ai/overhaul/overhaul/contractor?inn=002635132300&name=ООО%20""УютСтрой""","ООО ""УютСтрой""",002635132300,6
"https://xn--80aq1a.xn--p1aee.xn--p1ai/overhaul/overhaul/contractor?inn=002632049220&name=ООО%20""Феликс""","ООО ""Феликс""",002632049220,23
"https://xn--80aq1a.xn--p1aee.xn--p1ai/overhaul/overhaul/contractor?inn=002635127028&name=ООО%20""Феникс%20СК""","ООО ""Феникс СК""",002635127028,11
"https://xn--80aq1a.xn--p1aee.xn--p1ai/overhaul/overhaul/contractor?inn=002634036681&name=ООО%20фирма%20""Нивелир""","ООО фирма ""Нивелир""",002634036681,3
"https://xn--80aq1a.xn--p1aee.xn--p1ai/overhaul/overhaul/contractor?inn=007725825442&name=ООО%20фирма%20""Энергия""","ООО фирма ""Энергия""",007725825442,1
"https://xn--80aq1a.xn--p1aee.xn--p1ai/overhaul/overhaul/contractor?inn=002635819974&name=ООО%20""Фортис""","ООО ""Фортис""",002635819974,90
"https://xn--80aq1a.xn--p1aee.xn--p1ai/overhaul/overhaul/contractor?inn=002627011326&name=ООО%20""Фортуна%20М""","ООО ""Фортуна М""",002627011326,6
"https://xn--80aq1a.xn--p1aee.xn--p1ai/overhaul/overhaul/contractor?inn=002635211960&name=ООО%20""Ф%20СТРОЙ%20МОНТАЖ""","ООО ""Ф СТРОЙ МОНТАЖ""",002635211960,16
"https://xn--80aq1a.xn--p1aee.xn--p1ai/overhaul/overhaul/contractor?inn=002636090589&name=ООО%20""Шемберг""","ООО ""Шемберг""",002636090589,21
"https://xn--80aq1a.xn--p1aee.xn--p1ai/overhaul/overhaul/contractor?inn=004345246242&name=ООО%20""Эгида""","ООО ""Эгида""",004345246242,0
"https://xn--80aq1a.xn--p1aee.xn--p1ai/overhaul/overhaul/contractor?inn=002635101005&name=ООО%20""Электротрек""","ООО ""Электротрек""",002635101005,1
"https://xn--80aq1a.xn--p1aee.xn--p1ai/overhaul/overhaul/contractor?inn=002631015203&name=ООО%20""Энергетик""","ООО ""Энергетик""",002631015203,6
"https://xn--80aq1a.xn--p1aee.xn--p1ai/overhaul/overhaul/contractor?inn=002614020637&name=ООО%20""Энергетик""%20г.%20Нефтекумск","ООО ""Энергетик"" г. Нефтекумск",002614020637,1
"https://xn--80aq1a.xn--p1aee.xn--p1ai/overhaul/overhaul/contractor?inn=002634039749&name=ООО%20""Энергия""","ООО ""Энергия""",002634039749,4
"https://xn--80aq1a.xn--p1aee.xn--p1ai/overhaul/overhaul/contractor?inn=002623023659&name=ООО%20""ЭСТМ""","ООО ""ЭСТМ""",002623023659,54
https://xn--80aq1a.xn--p1aee.xn--p1ai/overhaul/overhaul/contractor?inn=002626014606&name=ооо%20Эталон,ооо Эталон,002626014606,3
"https://xn--80aq1a.xn--p1aee.xn--p1ai/overhaul/overhaul/contractor?inn=002634059054&name=ООО%20""ЮгГлавСНабСТрой""","ООО ""ЮгГлавСНабСТрой""",002634059054,21
"https://xn--80aq1a.xn--p1aee.xn--p1ai/overhaul/overhaul/contractor?inn=000917025013&name=ООО%20""ЮгДорСтрой""","ООО ""ЮгДорСтрой""",000917025013,21
"https://xn--80aq1a.xn--p1aee.xn--p1ai/overhaul/overhaul/contractor?inn=002634059720&name=ООО%20""Юг%20Евро-Сервис""","ООО ""Юг Евро-Сервис""",002634059720,424
"https://xn--80aq1a.xn--p1aee.xn--p1ai/overhaul/overhaul/contractor?inn=002634813176&name=ООО%20""ЮгРемСтрой%2026""","ООО ""ЮгРемСтрой 26""",002634813176,2
"https://xn--80aq1a.xn--p1aee.xn--p1ai/overhaul/overhaul/contractor?inn=002618017748&name=ООО%20""Юг-Строй""","ООО ""Юг-Строй""",002618017748,7
"https://xn--80aq1a.xn--p1aee.xn--p1ai/overhaul/overhaul/contractor?inn=002627013080&name=ООО%20""Юг-СтройторгМонтаж""","ООО ""Юг-СтройторгМонтаж""",002627013080,4
"https://xn--80aq1a.xn--p1aee.xn--p1ai/overhaul/overhaul/contractor?inn=002636041310&name=ООО%20""Южстройэнерго""","ООО ""Южстройэнерго""",002636041310,3
"https://xn--80aq1a.xn--p1aee.xn--p1ai/overhaul/overhaul/contractor?inn=002624801598&name=ООО%20""ЮМакс""","ООО ""ЮМакс""",002624801598,4
"https://xn--80aq1a.xn--p1aee.xn--p1ai/overhaul/overhaul/contractor?inn=002626002368&name=ПК%20""САНТЕХНИК""","ПК ""САНТЕХНИК""",002626002368,5
https://xn--80aq1a.xn--p1aee.xn--p1ai/overhaul/overhaul/contractor?inn=002625800974&name=Подрядчик%20Седов%20С.В.,Подрядчик Седов С.В.,002625800974,2
